{
    "dc_base": 0.631480175594561,
    "dc_max": 0.4832857748314714,
    "bin_min_value": 0.47619047619047616,
    "bin_max_value": 0.8095238095238095,
    "bin_index": 13,
    "bins": [
        0.0,
        0.047619047619047616,
        0.09523809523809523,
        0.14285714285714285,
        0.19047619047619047,
        0.23809523809523808,
        0.2857142857142857,
        0.3333333333333333,
        0.38095238095238093,
        0.42857142857142855,
        0.47619047619047616,
        0.5238095238095237,
        0.5714285714285714,
        0.6190476190476191,
        0.6666666666666666,
        0.7142857142857142,
        0.7619047619047619,
        0.8095238095238095,
        0.8571428571428571,
        0.9047619047619047,
        0.9523809523809523,
        1.0
    ],
    "bin_edges": [
        0.0,
        0.047619047619047616,
        0.09523809523809523,
        0.14285714285714285,
        0.19047619047619047,
        0.23809523809523808,
        0.2857142857142857,
        0.3333333333333333,
        0.38095238095238093,
        0.42857142857142855,
        0.47619047619047616,
        0.5238095238095237,
        0.5714285714285714,
        0.6190476190476191,
        0.6666666666666666,
        0.7142857142857142,
        0.7619047619047619,
        0.8095238095238095,
        0.8571428571428571,
        0.9047619047619047,
        0.9523809523809523,
        1.0
    ],
    "hist": [
        0,
        0,
        0,
        0,
        0,
        0,
        3,
        0,
        0,
        0,
        1,
        0,
        2,
        2,
        0,
        1,
        7,
        9,
        35,
        49,
        0
    ],
    "dc_range": [
        [
            0.0,
            0.047619047619047616,
            0
        ],
        [
            0.047619047619047616,
            0.09523809523809523,
            0
        ],
        [
            0.09523809523809523,
            0.14285714285714285,
            0
        ],
        [
            0.14285714285714285,
            0.19047619047619047,
            0
        ],
        [
            0.19047619047619047,
            0.23809523809523808,
            0
        ],
        [
            0.23809523809523808,
            0.2857142857142857,
            0
        ],
        [
            0.2857142857142857,
            0.3333333333333333,
            3
        ],
        [
            0.3333333333333333,
            0.38095238095238093,
            0
        ],
        [
            0.38095238095238093,
            0.42857142857142855,
            0
        ],
        [
            0.42857142857142855,
            0.47619047619047616,
            0
        ],
        [
            0.47619047619047616,
            0.5238095238095237,
            1
        ],
        [
            0.5238095238095237,
            0.5714285714285714,
            0
        ],
        [
            0.5714285714285714,
            0.6190476190476191,
            2
        ],
        [
            0.6190476190476191,
            0.6666666666666666,
            2
        ],
        [
            0.6666666666666666,
            0.7142857142857142,
            0
        ],
        [
            0.7142857142857142,
            0.7619047619047619,
            1
        ],
        [
            0.7619047619047619,
            0.8095238095238095,
            7
        ],
        [
            0.8095238095238095,
            0.8571428571428571,
            9
        ],
        [
            0.8571428571428571,
            0.9047619047619047,
            35
        ],
        [
            0.9047619047619047,
            0.9523809523809523,
            49
        ],
        [
            0.9523809523809523,
            1.0,
            0
        ]
    ]
}