{
    "dc_base": 0.6312688519855755,
    "dc_max": 1.0,
    "bin_min_value": 0.47619047619047616,
    "bin_max_value": 0.8095238095238096,
    "bin_index": 13,
    "bins": [
        0.0,
        0.2675220812943794,
        0.5350441625887588,
        0.8025662438831381,
        1.0700883251775175,
        1.3376104064718968,
        1.6051324877662763,
        1.8726545690606557,
        2.140176650355035,
        2.4076987316494143,
        2.6752208129437935,
        2.9427428942381733,
        3.2102649755325525,
        3.477787056826932,
        3.7453091381213115,
        4.01283121941569,
        4.28035330071007,
        4.54787538200445,
        4.815397463298829,
        5.082919544593208,
        5.350441625887587,
        5.617963707181967
    ],
    "bin_edges": [
        0.0,
        0.2675220812943794,
        0.5350441625887588,
        0.8025662438831381,
        1.0700883251775175,
        1.3376104064718968,
        1.6051324877662763,
        1.8726545690606557,
        2.140176650355035,
        2.4076987316494143,
        2.6752208129437935,
        2.9427428942381733,
        3.2102649755325525,
        3.477787056826932,
        3.7453091381213115,
        4.01283121941569,
        4.28035330071007,
        4.54787538200445,
        4.815397463298829,
        5.082919544593208,
        5.350441625887587,
        5.617963707181967
    ],
    "hist": [
        0,
        0,
        0,
        0,
        0,
        0,
        3,
        0,
        0,
        0,
        1,
        0,
        2,
        2,
        0,
        1,
        7,
        9,
        35,
        49,
        0
    ]
}