{
    "dc_base": 0.6434152148351221,
    "dc_max": 0.2187332077680906,
    "bin_min_value": 0.4761904761904762,
    "bin_max_value": 0.8095238095238095,
    "bin_index": 13,
    "bins": [
        0.0,
        0.047619047619047616,
        0.09523809523809523,
        0.14285714285714285,
        0.19047619047619047,
        0.2380952380952381,
        0.2857142857142857,
        0.33333333333333337,
        0.38095238095238093,
        0.42857142857142855,
        0.4761904761904762,
        0.5238095238095238,
        0.5714285714285714,
        0.619047619047619,
        0.6666666666666667,
        0.7142857142857143,
        0.7619047619047619,
        0.8095238095238095,
        0.8571428571428571,
        0.9047619047619048,
        0.9523809523809524,
        1.0
    ],
    "bin_edges": [
        0.0,
        0.047619047619047616,
        0.09523809523809523,
        0.14285714285714285,
        0.19047619047619047,
        0.2380952380952381,
        0.2857142857142857,
        0.33333333333333337,
        0.38095238095238093,
        0.42857142857142855,
        0.4761904761904762,
        0.5238095238095238,
        0.5714285714285714,
        0.619047619047619,
        0.6666666666666667,
        0.7142857142857143,
        0.7619047619047619,
        0.8095238095238095,
        0.8571428571428571,
        0.9047619047619048,
        0.9523809523809524,
        1.0
    ],
    "hist": [
        0,
        0,
        0,
        0,
        0,
        0,
        3,
        0,
        0,
        0,
        1,
        1,
        1,
        0,
        2,
        2,
        0,
        7,
        26,
        66,
        0
    ],
    "dc_range": [
        [
            0.0,
            0.047619047619047616,
            0
        ],
        [
            0.047619047619047616,
            0.09523809523809523,
            0
        ],
        [
            0.09523809523809523,
            0.14285714285714285,
            0
        ],
        [
            0.14285714285714285,
            0.19047619047619047,
            0
        ],
        [
            0.19047619047619047,
            0.2380952380952381,
            0
        ],
        [
            0.2380952380952381,
            0.2857142857142857,
            0
        ],
        [
            0.2857142857142857,
            0.33333333333333337,
            3
        ],
        [
            0.33333333333333337,
            0.38095238095238093,
            0
        ],
        [
            0.38095238095238093,
            0.42857142857142855,
            0
        ],
        [
            0.42857142857142855,
            0.4761904761904762,
            0
        ],
        [
            0.4761904761904762,
            0.5238095238095238,
            1
        ],
        [
            0.5238095238095238,
            0.5714285714285714,
            1
        ],
        [
            0.5714285714285714,
            0.619047619047619,
            1
        ],
        [
            0.619047619047619,
            0.6666666666666667,
            0
        ],
        [
            0.6666666666666667,
            0.7142857142857143,
            2
        ],
        [
            0.7142857142857143,
            0.7619047619047619,
            2
        ],
        [
            0.7619047619047619,
            0.8095238095238095,
            0
        ],
        [
            0.8095238095238095,
            0.8571428571428571,
            7
        ],
        [
            0.8571428571428571,
            0.9047619047619048,
            26
        ],
        [
            0.9047619047619048,
            0.9523809523809524,
            66
        ],
        [
            0.9523809523809524,
            1.0,
            0
        ]
    ]
}