{
    "dc_base": 0.6312688519855755,
    "dc_max": 1.0,
    "bin_min_value": 0.47619047619047616,
    "bin_max_value": 0.8095238095238096,
    "bin_index": 13,
    "bins": [
        0.0,
        0.008476211328701137,
        0.016952422657402273,
        0.025428633986103406,
        0.033904845314804546,
        0.04238105664350568,
        0.05085726797220681,
        0.05933347930090796,
        0.06780969062960909,
        0.07628590195831023,
        0.08476211328701136,
        0.0932383246157125,
        0.10171453594441363,
        0.11019074727311477,
        0.11866695860181592,
        0.12714316993051702,
        0.13561938125921819,
        0.14409559258791935,
        0.15257180391662045,
        0.16104801524532159,
        0.16952422657402272,
        0.17800043790272385
    ],
    "bin_edges": [
        0.0,
        0.008476211328701137,
        0.016952422657402273,
        0.025428633986103406,
        0.033904845314804546,
        0.04238105664350568,
        0.05085726797220681,
        0.05933347930090796,
        0.06780969062960909,
        0.07628590195831023,
        0.08476211328701136,
        0.0932383246157125,
        0.10171453594441363,
        0.11019074727311477,
        0.11866695860181592,
        0.12714316993051702,
        0.13561938125921819,
        0.14409559258791935,
        0.15257180391662045,
        0.16104801524532159,
        0.16952422657402272,
        0.17800043790272385
    ],
    "hist": [
        0,
        0,
        0,
        0,
        0,
        0,
        3,
        0,
        0,
        0,
        1,
        0,
        2,
        2,
        0,
        1,
        7,
        9,
        35,
        49,
        0
    ]
}